--------------------------------------------------------
--  File created - Tuesday-February-18-2020   
--------------------------------------------------------
--------------------------------------------------------
--  DDL for Sequence TIPPREVOZA_SEKVENCA
--------------------------------------------------------

   CREATE SEQUENCE  "FPIS"."TIPPREVOZA_SEKVENCA"  MINVALUE 1 MAXVALUE 9999999999999999999999999999 INCREMENT BY 1 START WITH 21 CACHE 20 NOORDER  NOCYCLE ;
--------------------------------------------------------
--  DDL for Sequence ZAHTEV_SEKVENCA
--------------------------------------------------------

   CREATE SEQUENCE  "FPIS"."ZAHTEV_SEKVENCA"  MINVALUE 1 MAXVALUE 9999999999999999999999999999 INCREMENT BY 1 START WITH 61 CACHE 20 NOORDER  NOCYCLE ;
--------------------------------------------------------
--  DDL for Table ADRESA
--------------------------------------------------------

  CREATE TABLE "FPIS"."ADRESA" 
   (	"IDDRZAVE" NUMBER(*,0), 
	"IDGRADA" NUMBER(*,0), 
	"IDADRESE" NUMBER(*,0), 
	"ULICA" VARCHAR2(20 BYTE), 
	"BROJ" NUMBER(*,0)
   ) SEGMENT CREATION IMMEDIATE 
  PCTFREE 10 PCTUSED 40 INITRANS 1 MAXTRANS 255 NOCOMPRESS LOGGING
  STORAGE(INITIAL 65536 NEXT 1048576 MINEXTENTS 1 MAXEXTENTS 2147483645
  PCTINCREASE 0 FREELISTS 1 FREELIST GROUPS 1 BUFFER_POOL DEFAULT FLASH_CACHE DEFAULT CELL_FLASH_CACHE DEFAULT)
  TABLESPACE "USERS" ;
--------------------------------------------------------
--  DDL for Table DESTINACIJA
--------------------------------------------------------

  CREATE TABLE "FPIS"."DESTINACIJA" 
   (	"IDDESTINACIJE" NUMBER(*,0), 
	"NAZIVDESTINACIJE" VARCHAR2(20 BYTE)
   ) SEGMENT CREATION IMMEDIATE 
  PCTFREE 10 PCTUSED 40 INITRANS 1 MAXTRANS 255 NOCOMPRESS LOGGING
  STORAGE(INITIAL 65536 NEXT 1048576 MINEXTENTS 1 MAXEXTENTS 2147483645
  PCTINCREASE 0 FREELISTS 1 FREELIST GROUPS 1 BUFFER_POOL DEFAULT FLASH_CACHE DEFAULT CELL_FLASH_CACHE DEFAULT)
  TABLESPACE "USERS" ;
--------------------------------------------------------
--  DDL for Table DRZAVA
--------------------------------------------------------

  CREATE TABLE "FPIS"."DRZAVA" 
   (	"IDDRZAVE" NUMBER(*,0), 
	"NAZIVDRZAVE" VARCHAR2(20 BYTE)
   ) SEGMENT CREATION IMMEDIATE 
  PCTFREE 10 PCTUSED 40 INITRANS 1 MAXTRANS 255 NOCOMPRESS LOGGING
  STORAGE(INITIAL 65536 NEXT 1048576 MINEXTENTS 1 MAXEXTENTS 2147483645
  PCTINCREASE 0 FREELISTS 1 FREELIST GROUPS 1 BUFFER_POOL DEFAULT FLASH_CACHE DEFAULT CELL_FLASH_CACHE DEFAULT)
  TABLESPACE "USERS" ;
--------------------------------------------------------
--  DDL for Table GRAD
--------------------------------------------------------

  CREATE TABLE "FPIS"."GRAD" 
   (	"IDDRZAVE" NUMBER(*,0), 
	"IDGRADA" NUMBER(*,0), 
	"NAZIVGRADA" VARCHAR2(20 BYTE)
   ) SEGMENT CREATION IMMEDIATE 
  PCTFREE 10 PCTUSED 40 INITRANS 1 MAXTRANS 255 NOCOMPRESS LOGGING
  STORAGE(INITIAL 65536 NEXT 1048576 MINEXTENTS 1 MAXEXTENTS 2147483645
  PCTINCREASE 0 FREELISTS 1 FREELIST GROUPS 1 BUFFER_POOL DEFAULT FLASH_CACHE DEFAULT CELL_FLASH_CACHE DEFAULT)
  TABLESPACE "USERS" ;
--------------------------------------------------------
--  DDL for Table KORISNIK
--------------------------------------------------------

  CREATE TABLE "FPIS"."KORISNIK" 
   (	"IDKORISNIKA" NUMBER(*,0), 
	"JMBG" VARCHAR2(20 BYTE), 
	"IMEPREZIME" VARCHAR2(40 BYTE), 
	"DATUMRODJ" DATE, 
	"BRPASOSA" VARCHAR2(20 BYTE), 
	"BRTELEFONA" VARCHAR2(20 BYTE), 
	"IDGRADA" NUMBER(*,0), 
	"IDDRZAVE" NUMBER(*,0), 
	"IDADRESE" NUMBER(*,0)
   ) SEGMENT CREATION IMMEDIATE 
  PCTFREE 10 PCTUSED 40 INITRANS 1 MAXTRANS 255 NOCOMPRESS LOGGING
  STORAGE(INITIAL 65536 NEXT 1048576 MINEXTENTS 1 MAXEXTENTS 2147483645
  PCTINCREASE 0 FREELISTS 1 FREELIST GROUPS 1 BUFFER_POOL DEFAULT FLASH_CACHE DEFAULT CELL_FLASH_CACHE DEFAULT)
  TABLESPACE "USERS" ;
--------------------------------------------------------
--  DDL for Table MESTOOBILASKA
--------------------------------------------------------

  CREATE TABLE "FPIS"."MESTOOBILASKA" 
   (	"IDMESTA" NUMBER(*,0), 
	"NAZIVMESTA" VARCHAR2(30 BYTE)
   ) SEGMENT CREATION IMMEDIATE 
  PCTFREE 10 PCTUSED 40 INITRANS 1 MAXTRANS 255 NOCOMPRESS LOGGING
  STORAGE(INITIAL 65536 NEXT 1048576 MINEXTENTS 1 MAXEXTENTS 2147483645
  PCTINCREASE 0 FREELISTS 1 FREELIST GROUPS 1 BUFFER_POOL DEFAULT FLASH_CACHE DEFAULT CELL_FLASH_CACHE DEFAULT)
  TABLESPACE "USERS" ;
--------------------------------------------------------
--  DDL for Table POTVRDAREZERVACIJE
--------------------------------------------------------

  CREATE TABLE "FPIS"."POTVRDAREZERVACIJE" 
   (	"IDPOTVRDE" NUMBER(*,0), 
	"OPIS" VARCHAR2(100 BYTE), 
	"SIFRARADNIKA" NUMBER(*,0), 
	"IDKORISNIKA" NUMBER(*,0)
   ) SEGMENT CREATION IMMEDIATE 
  PCTFREE 10 PCTUSED 40 INITRANS 1 MAXTRANS 255 NOCOMPRESS LOGGING
  STORAGE(INITIAL 65536 NEXT 1048576 MINEXTENTS 1 MAXEXTENTS 2147483645
  PCTINCREASE 0 FREELISTS 1 FREELIST GROUPS 1 BUFFER_POOL DEFAULT FLASH_CACHE DEFAULT CELL_FLASH_CACHE DEFAULT)
  TABLESPACE "USERS" ;
--------------------------------------------------------
--  DDL for Table PROGRAMIPUTOVANJA
--------------------------------------------------------

  CREATE TABLE "FPIS"."PROGRAMIPUTOVANJA" 
   (	"REDNIBROJPROGRAMA" NUMBER(*,0), 
	"DATUMKREIRANJA" DATE, 
	"SABLONPROGRAMA" VARCHAR2(100 BYTE)
   ) SEGMENT CREATION IMMEDIATE 
  PCTFREE 10 PCTUSED 40 INITRANS 1 MAXTRANS 255 NOCOMPRESS LOGGING
  STORAGE(INITIAL 65536 NEXT 1048576 MINEXTENTS 1 MAXEXTENTS 2147483645
  PCTINCREASE 0 FREELISTS 1 FREELIST GROUPS 1 BUFFER_POOL DEFAULT FLASH_CACHE DEFAULT CELL_FLASH_CACHE DEFAULT)
  TABLESPACE "USERS" ;
--------------------------------------------------------
--  DDL for Table PROGRAMPUTOVANJA
--------------------------------------------------------

  CREATE TABLE "FPIS"."PROGRAMPUTOVANJA" 
   (	"SIFRAPROGRAMA" NUMBER(*,0), 
	"UKLJUCENOUCENU" VARCHAR2(100 BYTE), 
	"NIJEUKLJUCENOUCENU" VARCHAR2(100 BYTE), 
	"IZNOS" NUMBER(8,2), 
	"IDPOTVRDE" NUMBER(*,0), 
	"REDNIBROJPROGRAMA" NUMBER(*,0), 
	"STATUS" VARCHAR2(20 BYTE)
   ) SEGMENT CREATION IMMEDIATE 
  PCTFREE 10 PCTUSED 40 INITRANS 1 MAXTRANS 255 NOCOMPRESS LOGGING
  STORAGE(INITIAL 65536 NEXT 1048576 MINEXTENTS 1 MAXEXTENTS 2147483645
  PCTINCREASE 0 FREELISTS 1 FREELIST GROUPS 1 BUFFER_POOL DEFAULT FLASH_CACHE DEFAULT CELL_FLASH_CACHE DEFAULT)
  TABLESPACE "USERS" ;
--------------------------------------------------------
--  DDL for Table RADNIK
--------------------------------------------------------

  CREATE TABLE "FPIS"."RADNIK" 
   (	"SIFRARADNIKA" NUMBER(*,0), 
	"IMEPREZIME" VARCHAR2(30 BYTE)
   ) SEGMENT CREATION IMMEDIATE 
  PCTFREE 10 PCTUSED 40 INITRANS 1 MAXTRANS 255 NOCOMPRESS LOGGING
  STORAGE(INITIAL 65536 NEXT 1048576 MINEXTENTS 1 MAXEXTENTS 2147483645
  PCTINCREASE 0 FREELISTS 1 FREELIST GROUPS 1 BUFFER_POOL DEFAULT FLASH_CACHE DEFAULT CELL_FLASH_CACHE DEFAULT)
  TABLESPACE "USERS" ;
--------------------------------------------------------
--  DDL for Table STAVKAPROGRAMA
--------------------------------------------------------

  CREATE TABLE "FPIS"."STAVKAPROGRAMA" 
   (	"IDDANA" NUMBER(*,0), 
	"SIFRAPROGRAMA" NUMBER(*,0), 
	"OPISDANA" VARCHAR2(80 BYTE), 
	"DATUM" DATE, 
	"IDMESTA" NUMBER(*,0), 
	"STATUS" VARCHAR2(20 BYTE)
   ) SEGMENT CREATION IMMEDIATE 
  PCTFREE 10 PCTUSED 40 INITRANS 1 MAXTRANS 255 NOCOMPRESS LOGGING
  STORAGE(INITIAL 65536 NEXT 1048576 MINEXTENTS 1 MAXEXTENTS 2147483645
  PCTINCREASE 0 FREELISTS 1 FREELIST GROUPS 1 BUFFER_POOL DEFAULT FLASH_CACHE DEFAULT CELL_FLASH_CACHE DEFAULT)
  TABLESPACE "USERS" ;
--------------------------------------------------------
--  DDL for Table TIPPREVOZA
--------------------------------------------------------

  CREATE TABLE "FPIS"."TIPPREVOZA" 
   (	"IDTIPAPREVOZA" NUMBER(*,0), 
	"NAZIVTIPAPREVOZA" VARCHAR2(100 BYTE)
   ) SEGMENT CREATION IMMEDIATE 
  PCTFREE 10 PCTUSED 40 INITRANS 1 MAXTRANS 255 NOCOMPRESS LOGGING
  STORAGE(INITIAL 65536 NEXT 1048576 MINEXTENTS 1 MAXEXTENTS 2147483645
  PCTINCREASE 0 FREELISTS 1 FREELIST GROUPS 1 BUFFER_POOL DEFAULT FLASH_CACHE DEFAULT CELL_FLASH_CACHE DEFAULT)
  TABLESPACE "USERS" ;
--------------------------------------------------------
--  DDL for Table TIPSMESTAJA
--------------------------------------------------------

  CREATE TABLE "FPIS"."TIPSMESTAJA" 
   (	"IDTIPASMESTAJA" NUMBER(*,0), 
	"NAZIVTIPASMESTAJA" VARCHAR2(100 BYTE)
   ) SEGMENT CREATION IMMEDIATE 
  PCTFREE 10 PCTUSED 40 INITRANS 1 MAXTRANS 255 NOCOMPRESS LOGGING
  STORAGE(INITIAL 65536 NEXT 1048576 MINEXTENTS 1 MAXEXTENTS 2147483645
  PCTINCREASE 0 FREELISTS 1 FREELIST GROUPS 1 BUFFER_POOL DEFAULT FLASH_CACHE DEFAULT CELL_FLASH_CACHE DEFAULT)
  TABLESPACE "USERS" ;
--------------------------------------------------------
--  DDL for Table ZAHTEVKORISNIKA
--------------------------------------------------------

  CREATE TABLE "FPIS"."ZAHTEVKORISNIKA" 
   (	"SIFRAZAHTEVA" NUMBER(*,0), 
	"VREMEBORAVKA" NUMBER(*,0), 
	"IDTIPAPREVOZA" NUMBER(*,0), 
	"IDTIPASMESTAJA" NUMBER(*,0), 
	"IDDESTINACIJE" NUMBER(*,0), 
	"IDKORISNIKA" NUMBER(*,0)
   ) SEGMENT CREATION IMMEDIATE 
  PCTFREE 10 PCTUSED 40 INITRANS 1 MAXTRANS 255 NOCOMPRESS LOGGING
  STORAGE(INITIAL 65536 NEXT 1048576 MINEXTENTS 1 MAXEXTENTS 2147483645
  PCTINCREASE 0 FREELISTS 1 FREELIST GROUPS 1 BUFFER_POOL DEFAULT FLASH_CACHE DEFAULT CELL_FLASH_CACHE DEFAULT)
  TABLESPACE "USERS" ;
REM INSERTING into FPIS.ADRESA
SET DEFINE OFF;
Insert into FPIS.ADRESA (IDDRZAVE,IDGRADA,IDADRESE,ULICA,BROJ) values (1,1,1,'Kralja Petra',70);
Insert into FPIS.ADRESA (IDDRZAVE,IDGRADA,IDADRESE,ULICA,BROJ) values (1,1,2,'Kataniceva',15);
REM INSERTING into FPIS.DESTINACIJA
SET DEFINE OFF;
Insert into FPIS.DESTINACIJA (IDDESTINACIJE,NAZIVDESTINACIJE) values (1,'Prag');
Insert into FPIS.DESTINACIJA (IDDESTINACIJE,NAZIVDESTINACIJE) values (2,'Budimpesta');
Insert into FPIS.DESTINACIJA (IDDESTINACIJE,NAZIVDESTINACIJE) values (3,'Bec');
Insert into FPIS.DESTINACIJA (IDDESTINACIJE,NAZIVDESTINACIJE) values (4,'Ljubljana');
Insert into FPIS.DESTINACIJA (IDDESTINACIJE,NAZIVDESTINACIJE) values (5,'Bratislava');
REM INSERTING into FPIS.DRZAVA
SET DEFINE OFF;
Insert into FPIS.DRZAVA (IDDRZAVE,NAZIVDRZAVE) values (1,'Srbija');
Insert into FPIS.DRZAVA (IDDRZAVE,NAZIVDRZAVE) values (2,'Crna Gora');
Insert into FPIS.DRZAVA (IDDRZAVE,NAZIVDRZAVE) values (3,'Hrvatska');
REM INSERTING into FPIS.GRAD
SET DEFINE OFF;
Insert into FPIS.GRAD (IDDRZAVE,IDGRADA,NAZIVGRADA) values (1,1,'Beograd');
Insert into FPIS.GRAD (IDDRZAVE,IDGRADA,NAZIVGRADA) values (1,2,'Novi Sad');
Insert into FPIS.GRAD (IDDRZAVE,IDGRADA,NAZIVGRADA) values (1,3,'Nis');
Insert into FPIS.GRAD (IDDRZAVE,IDGRADA,NAZIVGRADA) values (2,4,'Podgorica');
Insert into FPIS.GRAD (IDDRZAVE,IDGRADA,NAZIVGRADA) values (2,5,'Budva');
Insert into FPIS.GRAD (IDDRZAVE,IDGRADA,NAZIVGRADA) values (3,6,'Zagreb');
REM INSERTING into FPIS.KORISNIK
SET DEFINE OFF;
Insert into FPIS.KORISNIK (IDKORISNIKA,JMBG,IMEPREZIME,DATUMRODJ,BRPASOSA,BRTELEFONA,IDGRADA,IDDRZAVE,IDADRESE) values (1,'3012996220775','Dragana Milojevic',to_date('30-DEC-96','DD-MON-RR'),'260556677','0692332334',1,1,1);
Insert into FPIS.KORISNIK (IDKORISNIKA,JMBG,IMEPREZIME,DATUMRODJ,BRPASOSA,BRTELEFONA,IDGRADA,IDDRZAVE,IDADRESE) values (2,'2709996233455','Milena Stojanovic',to_date('27-SEP-96','DD-MON-RR'),'999876786','0617788996',1,1,2);
REM INSERTING into FPIS.MESTOOBILASKA
SET DEFINE OFF;
Insert into FPIS.MESTOOBILASKA (IDMESTA,NAZIVMESTA) values (1,'Prag');
Insert into FPIS.MESTOOBILASKA (IDMESTA,NAZIVMESTA) values (2,'Karlove vari');
Insert into FPIS.MESTOOBILASKA (IDMESTA,NAZIVMESTA) values (3,'Drezden');
Insert into FPIS.MESTOOBILASKA (IDMESTA,NAZIVMESTA) values (4,'Brno');
Insert into FPIS.MESTOOBILASKA (IDMESTA,NAZIVMESTA) values (5,'Minhen');
Insert into FPIS.MESTOOBILASKA (IDMESTA,NAZIVMESTA) values (6,'Bec');
REM INSERTING into FPIS.POTVRDAREZERVACIJE
SET DEFINE OFF;
Insert into FPIS.POTVRDAREZERVACIJE (IDPOTVRDE,OPIS,SIFRARADNIKA,IDKORISNIKA) values (1,'opis1',1,1);
Insert into FPIS.POTVRDAREZERVACIJE (IDPOTVRDE,OPIS,SIFRARADNIKA,IDKORISNIKA) values (2,'opis2',2,2);
Insert into FPIS.POTVRDAREZERVACIJE (IDPOTVRDE,OPIS,SIFRARADNIKA,IDKORISNIKA) values (3,'opis3',3,1);
REM INSERTING into FPIS.PROGRAMIPUTOVANJA
SET DEFINE OFF;
Insert into FPIS.PROGRAMIPUTOVANJA (REDNIBROJPROGRAMA,DATUMKREIRANJA,SABLONPROGRAMA) values (1,to_date('10-OCT-19','DD-MON-RR'),'sablon1');
Insert into FPIS.PROGRAMIPUTOVANJA (REDNIBROJPROGRAMA,DATUMKREIRANJA,SABLONPROGRAMA) values (2,to_date('02-JUN-19','DD-MON-RR'),'sablon2');
REM INSERTING into FPIS.PROGRAMPUTOVANJA
SET DEFINE OFF;
Insert into FPIS.PROGRAMPUTOVANJA (SIFRAPROGRAMA,UKLJUCENOUCENU,NIJEUKLJUCENOUCENU,IZNOS,IDPOTVRDE,REDNIBROJPROGRAMA,STATUS) values (1,'u','nu',51,1,1,'promenjen');
Insert into FPIS.PROGRAMPUTOVANJA (SIFRAPROGRAMA,UKLJUCENOUCENU,NIJEUKLJUCENOUCENU,IZNOS,IDPOTVRDE,REDNIBROJPROGRAMA,STATUS) values (14,'u14','n14',1400,1,1,'formiran');
Insert into FPIS.PROGRAMPUTOVANJA (SIFRAPROGRAMA,UKLJUCENOUCENU,NIJEUKLJUCENOUCENU,IZNOS,IDPOTVRDE,REDNIBROJPROGRAMA,STATUS) values (7,'ukljuceno5','nijeukljuceno5',500,1,1,'formiran');
Insert into FPIS.PROGRAMPUTOVANJA (SIFRAPROGRAMA,UKLJUCENOUCENU,NIJEUKLJUCENOUCENU,IZNOS,IDPOTVRDE,REDNIBROJPROGRAMA,STATUS) values (16,'ukljuceno 16','nije ukljuceno 16',150,1,1,'formiran');
Insert into FPIS.PROGRAMPUTOVANJA (SIFRAPROGRAMA,UKLJUCENOUCENU,NIJEUKLJUCENOUCENU,IZNOS,IDPOTVRDE,REDNIBROJPROGRAMA,STATUS) values (17,'ukljuceno17','nije ukljuceno17',170,1,1,'promenjen');
Insert into FPIS.PROGRAMPUTOVANJA (SIFRAPROGRAMA,UKLJUCENOUCENU,NIJEUKLJUCENOUCENU,IZNOS,IDPOTVRDE,REDNIBROJPROGRAMA,STATUS) values (19,'uk1','nu1',200,1,1,null);
Insert into FPIS.PROGRAMPUTOVANJA (SIFRAPROGRAMA,UKLJUCENOUCENU,NIJEUKLJUCENOUCENU,IZNOS,IDPOTVRDE,REDNIBROJPROGRAMA,STATUS) values (6,'u700','nu700',700,1,1,'promenjen');
Insert into FPIS.PROGRAMPUTOVANJA (SIFRAPROGRAMA,UKLJUCENOUCENU,NIJEUKLJUCENOUCENU,IZNOS,IDPOTVRDE,REDNIBROJPROGRAMA,STATUS) values (8,'u80','nu80',800,2,1,'formiran');
Insert into FPIS.PROGRAMPUTOVANJA (SIFRAPROGRAMA,UKLJUCENOUCENU,NIJEUKLJUCENOUCENU,IZNOS,IDPOTVRDE,REDNIBROJPROGRAMA,STATUS) values (4,'u5','n5',500,1,1,'kreiran');
Insert into FPIS.PROGRAMPUTOVANJA (SIFRAPROGRAMA,UKLJUCENOUCENU,NIJEUKLJUCENOUCENU,IZNOS,IDPOTVRDE,REDNIBROJPROGRAMA,STATUS) values (12,'u63','n63',630,1,1,null);
Insert into FPIS.PROGRAMPUTOVANJA (SIFRAPROGRAMA,UKLJUCENOUCENU,NIJEUKLJUCENOUCENU,IZNOS,IDPOTVRDE,REDNIBROJPROGRAMA,STATUS) values (5,'ukljuceno 700','nije ukljuceno 700',700,1,1,'formiran');
Insert into FPIS.PROGRAMPUTOVANJA (SIFRAPROGRAMA,UKLJUCENOUCENU,NIJEUKLJUCENOUCENU,IZNOS,IDPOTVRDE,REDNIBROJPROGRAMA,STATUS) values (18,'u18','n18',180,1,1,'promenjen');
Insert into FPIS.PROGRAMPUTOVANJA (SIFRAPROGRAMA,UKLJUCENOUCENU,NIJEUKLJUCENOUCENU,IZNOS,IDPOTVRDE,REDNIBROJPROGRAMA,STATUS) values (11,'u78','n78',780,2,1,'promenjen');
Insert into FPIS.PROGRAMPUTOVANJA (SIFRAPROGRAMA,UKLJUCENOUCENU,NIJEUKLJUCENOUCENU,IZNOS,IDPOTVRDE,REDNIBROJPROGRAMA,STATUS) values (10,'uk1','nije1',340,1,1,'promenjen');
Insert into FPIS.PROGRAMPUTOVANJA (SIFRAPROGRAMA,UKLJUCENOUCENU,NIJEUKLJUCENOUCENU,IZNOS,IDPOTVRDE,REDNIBROJPROGRAMA,STATUS) values (9,'u80','nu80',800,2,1,'promenjen');
Insert into FPIS.PROGRAMPUTOVANJA (SIFRAPROGRAMA,UKLJUCENOUCENU,NIJEUKLJUCENOUCENU,IZNOS,IDPOTVRDE,REDNIBROJPROGRAMA,STATUS) values (13,'u2','n2',222,1,2,'promenjen');
Insert into FPIS.PROGRAMPUTOVANJA (SIFRAPROGRAMA,UKLJUCENOUCENU,NIJEUKLJUCENOUCENU,IZNOS,IDPOTVRDE,REDNIBROJPROGRAMA,STATUS) values (15,'uklj830','nije830',830,1,1,'formiran');
REM INSERTING into FPIS.RADNIK
SET DEFINE OFF;
Insert into FPIS.RADNIK (SIFRARADNIKA,IMEPREZIME) values (1,'Milos Jovic');
Insert into FPIS.RADNIK (SIFRARADNIKA,IMEPREZIME) values (2,'Kristina Jovicic');
Insert into FPIS.RADNIK (SIFRARADNIKA,IMEPREZIME) values (3,'Tijana Babic');
REM INSERTING into FPIS.STAVKAPROGRAMA
SET DEFINE OFF;
Insert into FPIS.STAVKAPROGRAMA (IDDANA,SIFRAPROGRAMA,OPISDANA,DATUM,IDMESTA,STATUS) values (2,7,'opisdana5',to_date('18-NOV-19','DD-MON-RR'),1,'unos');
Insert into FPIS.STAVKAPROGRAMA (IDDANA,SIFRAPROGRAMA,OPISDANA,DATUM,IDMESTA,STATUS) values (4,6,'o704',to_date('06-NOV-19','DD-MON-RR'),1,'izmena');
Insert into FPIS.STAVKAPROGRAMA (IDDANA,SIFRAPROGRAMA,OPISDANA,DATUM,IDMESTA,STATUS) values (1,7,'opisdana5',to_date('18-NOV-19','DD-MON-RR'),1,'unos');
Insert into FPIS.STAVKAPROGRAMA (IDDANA,SIFRAPROGRAMA,OPISDANA,DATUM,IDMESTA,STATUS) values (2,14,'o14',to_date('22-NOV-19','DD-MON-RR'),1,'unos');
Insert into FPIS.STAVKAPROGRAMA (IDDANA,SIFRAPROGRAMA,OPISDANA,DATUM,IDMESTA,STATUS) values (1,14,'o14',to_date('22-NOV-19','DD-MON-RR'),1,'unos');
Insert into FPIS.STAVKAPROGRAMA (IDDANA,SIFRAPROGRAMA,OPISDANA,DATUM,IDMESTA,STATUS) values (3,14,'o14',to_date('22-NOV-19','DD-MON-RR'),1,'unos');
Insert into FPIS.STAVKAPROGRAMA (IDDANA,SIFRAPROGRAMA,OPISDANA,DATUM,IDMESTA,STATUS) values (3,13,'o2',to_date('22-NOV-19','DD-MON-RR'),1,'izmena');
Insert into FPIS.STAVKAPROGRAMA (IDDANA,SIFRAPROGRAMA,OPISDANA,DATUM,IDMESTA,STATUS) values (2,16,'opis16',to_date('25-NOV-19','DD-MON-RR'),1,'unos');
Insert into FPIS.STAVKAPROGRAMA (IDDANA,SIFRAPROGRAMA,OPISDANA,DATUM,IDMESTA,STATUS) values (1,16,'opis16',to_date('25-NOV-19','DD-MON-RR'),1,'unos');
Insert into FPIS.STAVKAPROGRAMA (IDDANA,SIFRAPROGRAMA,OPISDANA,DATUM,IDMESTA,STATUS) values (1,17,'opis17',to_date('25-NOV-19','DD-MON-RR'),1,'unos');
Insert into FPIS.STAVKAPROGRAMA (IDDANA,SIFRAPROGRAMA,OPISDANA,DATUM,IDMESTA,STATUS) values (2,17,'opis17',to_date('25-NOV-19','DD-MON-RR'),2,'izmena');
Insert into FPIS.STAVKAPROGRAMA (IDDANA,SIFRAPROGRAMA,OPISDANA,DATUM,IDMESTA,STATUS) values (3,17,'opis17',to_date('25-NOV-19','DD-MON-RR'),1,'unos');
Insert into FPIS.STAVKAPROGRAMA (IDDANA,SIFRAPROGRAMA,OPISDANA,DATUM,IDMESTA,STATUS) values (1,19,'op1',to_date('10-DEC-19','DD-MON-RR'),2,'izmena');
Insert into FPIS.STAVKAPROGRAMA (IDDANA,SIFRAPROGRAMA,OPISDANA,DATUM,IDMESTA,STATUS) values (2,19,'op2',to_date('10-DEC-19','DD-MON-RR'),1,'unos');
Insert into FPIS.STAVKAPROGRAMA (IDDANA,SIFRAPROGRAMA,OPISDANA,DATUM,IDMESTA,STATUS) values (3,19,'op3',to_date('10-DEC-19','DD-MON-RR'),1,'izmena');
Insert into FPIS.STAVKAPROGRAMA (IDDANA,SIFRAPROGRAMA,OPISDANA,DATUM,IDMESTA,STATUS) values (1,6,'o701',to_date('02-NOV-19','DD-MON-RR'),6,'unos');
Insert into FPIS.STAVKAPROGRAMA (IDDANA,SIFRAPROGRAMA,OPISDANA,DATUM,IDMESTA,STATUS) values (2,6,'o702',to_date('02-NOV-19','DD-MON-RR'),3,'izmena');
Insert into FPIS.STAVKAPROGRAMA (IDDANA,SIFRAPROGRAMA,OPISDANA,DATUM,IDMESTA,STATUS) values (1,4,'o51',to_date('22-SEP-19','DD-MON-RR'),6,'izmena');
Insert into FPIS.STAVKAPROGRAMA (IDDANA,SIFRAPROGRAMA,OPISDANA,DATUM,IDMESTA,STATUS) values (2,4,'o52',to_date('22-SEP-19','DD-MON-RR'),6,'unos');
Insert into FPIS.STAVKAPROGRAMA (IDDANA,SIFRAPROGRAMA,OPISDANA,DATUM,IDMESTA,STATUS) values (3,6,'o703',to_date('06-NOV-19','DD-MON-RR'),1,'izmena');
Insert into FPIS.STAVKAPROGRAMA (IDDANA,SIFRAPROGRAMA,OPISDANA,DATUM,IDMESTA,STATUS) values (1,1,'opis50',to_date('18-NOV-19','DD-MON-RR'),1,'izmena');
Insert into FPIS.STAVKAPROGRAMA (IDDANA,SIFRAPROGRAMA,OPISDANA,DATUM,IDMESTA,STATUS) values (3,9,'od80',to_date('18-NOV-19','DD-MON-RR'),1,'izmena');
Insert into FPIS.STAVKAPROGRAMA (IDDANA,SIFRAPROGRAMA,OPISDANA,DATUM,IDMESTA,STATUS) values (1,12,'o63',to_date('21-NOV-19','DD-MON-RR'),1,'unos');
Insert into FPIS.STAVKAPROGRAMA (IDDANA,SIFRAPROGRAMA,OPISDANA,DATUM,IDMESTA,STATUS) values (1,18,'o1',to_date('08-DEC-19','DD-MON-RR'),6,'unos');
Insert into FPIS.STAVKAPROGRAMA (IDDANA,SIFRAPROGRAMA,OPISDANA,DATUM,IDMESTA,STATUS) values (2,18,'o2',to_date('08-DEC-19','DD-MON-RR'),5,'izmena');
Insert into FPIS.STAVKAPROGRAMA (IDDANA,SIFRAPROGRAMA,OPISDANA,DATUM,IDMESTA,STATUS) values (2,9,'od82',to_date('18-NOV-19','DD-MON-RR'),3,'izmena');
Insert into FPIS.STAVKAPROGRAMA (IDDANA,SIFRAPROGRAMA,OPISDANA,DATUM,IDMESTA,STATUS) values (1,10,'opis1',to_date('21-NOV-19','DD-MON-RR'),1,'unos');
Insert into FPIS.STAVKAPROGRAMA (IDDANA,SIFRAPROGRAMA,OPISDANA,DATUM,IDMESTA,STATUS) values (2,10,'opis2',to_date('21-NOV-19','DD-MON-RR'),1,'unos');
Insert into FPIS.STAVKAPROGRAMA (IDDANA,SIFRAPROGRAMA,OPISDANA,DATUM,IDMESTA,STATUS) values (1,9,'od80',to_date('18-NOV-19','DD-MON-RR'),1,'unos');
Insert into FPIS.STAVKAPROGRAMA (IDDANA,SIFRAPROGRAMA,OPISDANA,DATUM,IDMESTA,STATUS) values (3,10,'opis6',to_date('21-NOV-19','DD-MON-RR'),1,'izmena');
Insert into FPIS.STAVKAPROGRAMA (IDDANA,SIFRAPROGRAMA,OPISDANA,DATUM,IDMESTA,STATUS) values (1,11,'o78',to_date('21-NOV-19','DD-MON-RR'),1,'unos');
Insert into FPIS.STAVKAPROGRAMA (IDDANA,SIFRAPROGRAMA,OPISDANA,DATUM,IDMESTA,STATUS) values (2,11,'o78',to_date('21-NOV-19','DD-MON-RR'),1,'izmena');
Insert into FPIS.STAVKAPROGRAMA (IDDANA,SIFRAPROGRAMA,OPISDANA,DATUM,IDMESTA,STATUS) values (3,11,'o78',to_date('21-NOV-19','DD-MON-RR'),1,'izmena');
Insert into FPIS.STAVKAPROGRAMA (IDDANA,SIFRAPROGRAMA,OPISDANA,DATUM,IDMESTA,STATUS) values (1,13,'o2',to_date('22-NOV-19','DD-MON-RR'),1,'unos');
Insert into FPIS.STAVKAPROGRAMA (IDDANA,SIFRAPROGRAMA,OPISDANA,DATUM,IDMESTA,STATUS) values (2,13,'o2',to_date('22-NOV-19','DD-MON-RR'),2,'izmena');
Insert into FPIS.STAVKAPROGRAMA (IDDANA,SIFRAPROGRAMA,OPISDANA,DATUM,IDMESTA,STATUS) values (2,15,'opis830',to_date('25-NOV-19','DD-MON-RR'),5,'unos');
Insert into FPIS.STAVKAPROGRAMA (IDDANA,SIFRAPROGRAMA,OPISDANA,DATUM,IDMESTA,STATUS) values (1,15,'opis830',to_date('25-NOV-19','DD-MON-RR'),6,'unos');
REM INSERTING into FPIS.TIPPREVOZA
SET DEFINE OFF;
Insert into FPIS.TIPPREVOZA (IDTIPAPREVOZA,NAZIVTIPAPREVOZA) values (1,'autobus');
Insert into FPIS.TIPPREVOZA (IDTIPAPREVOZA,NAZIVTIPAPREVOZA) values (3,'voz');
Insert into FPIS.TIPPREVOZA (IDTIPAPREVOZA,NAZIVTIPAPREVOZA) values (2,'avion');
REM INSERTING into FPIS.TIPSMESTAJA
SET DEFINE OFF;
Insert into FPIS.TIPSMESTAJA (IDTIPASMESTAJA,NAZIVTIPASMESTAJA) values (1,'jednokrevetna soba');
Insert into FPIS.TIPSMESTAJA (IDTIPASMESTAJA,NAZIVTIPASMESTAJA) values (2,'dvokrevetna soba');
Insert into FPIS.TIPSMESTAJA (IDTIPASMESTAJA,NAZIVTIPASMESTAJA) values (3,'trokrevetna soba');
Insert into FPIS.TIPSMESTAJA (IDTIPASMESTAJA,NAZIVTIPASMESTAJA) values (4,'apartman');
REM INSERTING into FPIS.ZAHTEVKORISNIKA
SET DEFINE OFF;
Insert into FPIS.ZAHTEVKORISNIKA (SIFRAZAHTEVA,VREMEBORAVKA,IDTIPAPREVOZA,IDTIPASMESTAJA,IDDESTINACIJE,IDKORISNIKA) values (1,1,1,1,1,1);
Insert into FPIS.ZAHTEVKORISNIKA (SIFRAZAHTEVA,VREMEBORAVKA,IDTIPAPREVOZA,IDTIPASMESTAJA,IDDESTINACIJE,IDKORISNIKA) values (5,7,3,4,4,1);
Insert into FPIS.ZAHTEVKORISNIKA (SIFRAZAHTEVA,VREMEBORAVKA,IDTIPAPREVOZA,IDTIPASMESTAJA,IDDESTINACIJE,IDKORISNIKA) values (3,5,2,2,2,2);
Insert into FPIS.ZAHTEVKORISNIKA (SIFRAZAHTEVA,VREMEBORAVKA,IDTIPAPREVOZA,IDTIPASMESTAJA,IDDESTINACIJE,IDKORISNIKA) values (2,2,3,2,5,2);
Insert into FPIS.ZAHTEVKORISNIKA (SIFRAZAHTEVA,VREMEBORAVKA,IDTIPAPREVOZA,IDTIPASMESTAJA,IDDESTINACIJE,IDKORISNIKA) values (4,10,2,2,2,1);
--------------------------------------------------------
--  DDL for Index GRAD_PK
--------------------------------------------------------

  CREATE UNIQUE INDEX "FPIS"."GRAD_PK" ON "FPIS"."GRAD" ("IDDRZAVE", "IDGRADA") 
  PCTFREE 10 INITRANS 2 MAXTRANS 255 COMPUTE STATISTICS 
  STORAGE(INITIAL 65536 NEXT 1048576 MINEXTENTS 1 MAXEXTENTS 2147483645
  PCTINCREASE 0 FREELISTS 1 FREELIST GROUPS 1 BUFFER_POOL DEFAULT FLASH_CACHE DEFAULT CELL_FLASH_CACHE DEFAULT)
  TABLESPACE "USERS" ;
--------------------------------------------------------
--  DDL for Index ADRESA_PK
--------------------------------------------------------

  CREATE UNIQUE INDEX "FPIS"."ADRESA_PK" ON "FPIS"."ADRESA" ("IDDRZAVE", "IDGRADA", "IDADRESE") 
  PCTFREE 10 INITRANS 2 MAXTRANS 255 COMPUTE STATISTICS 
  STORAGE(INITIAL 65536 NEXT 1048576 MINEXTENTS 1 MAXEXTENTS 2147483645
  PCTINCREASE 0 FREELISTS 1 FREELIST GROUPS 1 BUFFER_POOL DEFAULT FLASH_CACHE DEFAULT CELL_FLASH_CACHE DEFAULT)
  TABLESPACE "USERS" ;
--------------------------------------------------------
--  DDL for Index STAVKA_PK
--------------------------------------------------------

  CREATE UNIQUE INDEX "FPIS"."STAVKA_PK" ON "FPIS"."STAVKAPROGRAMA" ("IDDANA", "SIFRAPROGRAMA") 
  PCTFREE 10 INITRANS 2 MAXTRANS 255 COMPUTE STATISTICS 
  STORAGE(INITIAL 65536 NEXT 1048576 MINEXTENTS 1 MAXEXTENTS 2147483645
  PCTINCREASE 0 FREELISTS 1 FREELIST GROUPS 1 BUFFER_POOL DEFAULT FLASH_CACHE DEFAULT CELL_FLASH_CACHE DEFAULT)
  TABLESPACE "USERS" ;
--------------------------------------------------------
--  Constraints for Table PROGRAMIPUTOVANJA
--------------------------------------------------------

  ALTER TABLE "FPIS"."PROGRAMIPUTOVANJA" ADD PRIMARY KEY ("REDNIBROJPROGRAMA")
  USING INDEX PCTFREE 10 INITRANS 2 MAXTRANS 255 COMPUTE STATISTICS 
  STORAGE(INITIAL 65536 NEXT 1048576 MINEXTENTS 1 MAXEXTENTS 2147483645
  PCTINCREASE 0 FREELISTS 1 FREELIST GROUPS 1 BUFFER_POOL DEFAULT FLASH_CACHE DEFAULT CELL_FLASH_CACHE DEFAULT)
  TABLESPACE "USERS"  ENABLE;
--------------------------------------------------------
--  Constraints for Table RADNIK
--------------------------------------------------------

  ALTER TABLE "FPIS"."RADNIK" ADD PRIMARY KEY ("SIFRARADNIKA")
  USING INDEX PCTFREE 10 INITRANS 2 MAXTRANS 255 COMPUTE STATISTICS 
  STORAGE(INITIAL 65536 NEXT 1048576 MINEXTENTS 1 MAXEXTENTS 2147483645
  PCTINCREASE 0 FREELISTS 1 FREELIST GROUPS 1 BUFFER_POOL DEFAULT FLASH_CACHE DEFAULT CELL_FLASH_CACHE DEFAULT)
  TABLESPACE "USERS"  ENABLE;
--------------------------------------------------------
--  Constraints for Table TIPPREVOZA
--------------------------------------------------------

  ALTER TABLE "FPIS"."TIPPREVOZA" ADD PRIMARY KEY ("IDTIPAPREVOZA")
  USING INDEX PCTFREE 10 INITRANS 2 MAXTRANS 255 COMPUTE STATISTICS 
  STORAGE(INITIAL 65536 NEXT 1048576 MINEXTENTS 1 MAXEXTENTS 2147483645
  PCTINCREASE 0 FREELISTS 1 FREELIST GROUPS 1 BUFFER_POOL DEFAULT FLASH_CACHE DEFAULT CELL_FLASH_CACHE DEFAULT)
  TABLESPACE "USERS"  ENABLE;
--------------------------------------------------------
--  Constraints for Table ADRESA
--------------------------------------------------------

  ALTER TABLE "FPIS"."ADRESA" ADD CONSTRAINT "ADRESA_PK" PRIMARY KEY ("IDDRZAVE", "IDGRADA", "IDADRESE")
  USING INDEX PCTFREE 10 INITRANS 2 MAXTRANS 255 COMPUTE STATISTICS 
  STORAGE(INITIAL 65536 NEXT 1048576 MINEXTENTS 1 MAXEXTENTS 2147483645
  PCTINCREASE 0 FREELISTS 1 FREELIST GROUPS 1 BUFFER_POOL DEFAULT FLASH_CACHE DEFAULT CELL_FLASH_CACHE DEFAULT)
  TABLESPACE "USERS"  ENABLE;
--------------------------------------------------------
--  Constraints for Table PROGRAMPUTOVANJA
--------------------------------------------------------

  ALTER TABLE "FPIS"."PROGRAMPUTOVANJA" ADD PRIMARY KEY ("SIFRAPROGRAMA")
  USING INDEX PCTFREE 10 INITRANS 2 MAXTRANS 255 COMPUTE STATISTICS 
  STORAGE(INITIAL 65536 NEXT 1048576 MINEXTENTS 1 MAXEXTENTS 2147483645
  PCTINCREASE 0 FREELISTS 1 FREELIST GROUPS 1 BUFFER_POOL DEFAULT FLASH_CACHE DEFAULT CELL_FLASH_CACHE DEFAULT)
  TABLESPACE "USERS"  ENABLE;
--------------------------------------------------------
--  Constraints for Table KORISNIK
--------------------------------------------------------

  ALTER TABLE "FPIS"."KORISNIK" ADD PRIMARY KEY ("IDKORISNIKA")
  USING INDEX PCTFREE 10 INITRANS 2 MAXTRANS 255 COMPUTE STATISTICS 
  STORAGE(INITIAL 65536 NEXT 1048576 MINEXTENTS 1 MAXEXTENTS 2147483645
  PCTINCREASE 0 FREELISTS 1 FREELIST GROUPS 1 BUFFER_POOL DEFAULT FLASH_CACHE DEFAULT CELL_FLASH_CACHE DEFAULT)
  TABLESPACE "USERS"  ENABLE;
--------------------------------------------------------
--  Constraints for Table STAVKAPROGRAMA
--------------------------------------------------------

  ALTER TABLE "FPIS"."STAVKAPROGRAMA" ADD CONSTRAINT "STAVKA_PK" PRIMARY KEY ("IDDANA", "SIFRAPROGRAMA")
  USING INDEX PCTFREE 10 INITRANS 2 MAXTRANS 255 COMPUTE STATISTICS 
  STORAGE(INITIAL 65536 NEXT 1048576 MINEXTENTS 1 MAXEXTENTS 2147483645
  PCTINCREASE 0 FREELISTS 1 FREELIST GROUPS 1 BUFFER_POOL DEFAULT FLASH_CACHE DEFAULT CELL_FLASH_CACHE DEFAULT)
  TABLESPACE "USERS"  ENABLE;
--------------------------------------------------------
--  Constraints for Table TIPSMESTAJA
--------------------------------------------------------

  ALTER TABLE "FPIS"."TIPSMESTAJA" ADD PRIMARY KEY ("IDTIPASMESTAJA")
  USING INDEX PCTFREE 10 INITRANS 2 MAXTRANS 255 COMPUTE STATISTICS 
  STORAGE(INITIAL 65536 NEXT 1048576 MINEXTENTS 1 MAXEXTENTS 2147483645
  PCTINCREASE 0 FREELISTS 1 FREELIST GROUPS 1 BUFFER_POOL DEFAULT FLASH_CACHE DEFAULT CELL_FLASH_CACHE DEFAULT)
  TABLESPACE "USERS"  ENABLE;
--------------------------------------------------------
--  Constraints for Table GRAD
--------------------------------------------------------

  ALTER TABLE "FPIS"."GRAD" ADD CONSTRAINT "GRAD_PK" PRIMARY KEY ("IDDRZAVE", "IDGRADA")
  USING INDEX PCTFREE 10 INITRANS 2 MAXTRANS 255 COMPUTE STATISTICS 
  STORAGE(INITIAL 65536 NEXT 1048576 MINEXTENTS 1 MAXEXTENTS 2147483645
  PCTINCREASE 0 FREELISTS 1 FREELIST GROUPS 1 BUFFER_POOL DEFAULT FLASH_CACHE DEFAULT CELL_FLASH_CACHE DEFAULT)
  TABLESPACE "USERS"  ENABLE;
--------------------------------------------------------
--  Constraints for Table DRZAVA
--------------------------------------------------------

  ALTER TABLE "FPIS"."DRZAVA" ADD PRIMARY KEY ("IDDRZAVE")
  USING INDEX PCTFREE 10 INITRANS 2 MAXTRANS 255 COMPUTE STATISTICS 
  STORAGE(INITIAL 65536 NEXT 1048576 MINEXTENTS 1 MAXEXTENTS 2147483645
  PCTINCREASE 0 FREELISTS 1 FREELIST GROUPS 1 BUFFER_POOL DEFAULT FLASH_CACHE DEFAULT CELL_FLASH_CACHE DEFAULT)
  TABLESPACE "USERS"  ENABLE;
--------------------------------------------------------
--  Constraints for Table DESTINACIJA
--------------------------------------------------------

  ALTER TABLE "FPIS"."DESTINACIJA" ADD PRIMARY KEY ("IDDESTINACIJE")
  USING INDEX PCTFREE 10 INITRANS 2 MAXTRANS 255 COMPUTE STATISTICS 
  STORAGE(INITIAL 65536 NEXT 1048576 MINEXTENTS 1 MAXEXTENTS 2147483645
  PCTINCREASE 0 FREELISTS 1 FREELIST GROUPS 1 BUFFER_POOL DEFAULT FLASH_CACHE DEFAULT CELL_FLASH_CACHE DEFAULT)
  TABLESPACE "USERS"  ENABLE;
--------------------------------------------------------
--  Constraints for Table POTVRDAREZERVACIJE
--------------------------------------------------------

  ALTER TABLE "FPIS"."POTVRDAREZERVACIJE" ADD PRIMARY KEY ("IDPOTVRDE")
  USING INDEX PCTFREE 10 INITRANS 2 MAXTRANS 255 COMPUTE STATISTICS 
  STORAGE(INITIAL 65536 NEXT 1048576 MINEXTENTS 1 MAXEXTENTS 2147483645
  PCTINCREASE 0 FREELISTS 1 FREELIST GROUPS 1 BUFFER_POOL DEFAULT FLASH_CACHE DEFAULT CELL_FLASH_CACHE DEFAULT)
  TABLESPACE "USERS"  ENABLE;
--------------------------------------------------------
--  Constraints for Table MESTOOBILASKA
--------------------------------------------------------

  ALTER TABLE "FPIS"."MESTOOBILASKA" ADD PRIMARY KEY ("IDMESTA")
  USING INDEX PCTFREE 10 INITRANS 2 MAXTRANS 255 COMPUTE STATISTICS 
  STORAGE(INITIAL 65536 NEXT 1048576 MINEXTENTS 1 MAXEXTENTS 2147483645
  PCTINCREASE 0 FREELISTS 1 FREELIST GROUPS 1 BUFFER_POOL DEFAULT FLASH_CACHE DEFAULT CELL_FLASH_CACHE DEFAULT)
  TABLESPACE "USERS"  ENABLE;
--------------------------------------------------------
--  Constraints for Table ZAHTEVKORISNIKA
--------------------------------------------------------

  ALTER TABLE "FPIS"."ZAHTEVKORISNIKA" ADD PRIMARY KEY ("SIFRAZAHTEVA")
  USING INDEX PCTFREE 10 INITRANS 2 MAXTRANS 255 COMPUTE STATISTICS 
  STORAGE(INITIAL 65536 NEXT 1048576 MINEXTENTS 1 MAXEXTENTS 2147483645
  PCTINCREASE 0 FREELISTS 1 FREELIST GROUPS 1 BUFFER_POOL DEFAULT FLASH_CACHE DEFAULT CELL_FLASH_CACHE DEFAULT)
  TABLESPACE "USERS"  ENABLE;
--------------------------------------------------------
--  Ref Constraints for Table ADRESA
--------------------------------------------------------

  ALTER TABLE "FPIS"."ADRESA" ADD CONSTRAINT "ADRESA_FK1" FOREIGN KEY ("IDDRZAVE", "IDGRADA")
	  REFERENCES "FPIS"."GRAD" ("IDDRZAVE", "IDGRADA") ENABLE;
--------------------------------------------------------
--  Ref Constraints for Table GRAD
--------------------------------------------------------

  ALTER TABLE "FPIS"."GRAD" ADD CONSTRAINT "GRAD_FK" FOREIGN KEY ("IDDRZAVE")
	  REFERENCES "FPIS"."DRZAVA" ("IDDRZAVE") ENABLE;
--------------------------------------------------------
--  Ref Constraints for Table KORISNIK
--------------------------------------------------------

  ALTER TABLE "FPIS"."KORISNIK" ADD CONSTRAINT "KORISNIK_FK1" FOREIGN KEY ("IDDRZAVE", "IDGRADA", "IDADRESE")
	  REFERENCES "FPIS"."ADRESA" ("IDDRZAVE", "IDGRADA", "IDADRESE") ENABLE;
--------------------------------------------------------
--  Ref Constraints for Table POTVRDAREZERVACIJE
--------------------------------------------------------

  ALTER TABLE "FPIS"."POTVRDAREZERVACIJE" ADD CONSTRAINT "POTVRDA_FK1" FOREIGN KEY ("SIFRARADNIKA")
	  REFERENCES "FPIS"."RADNIK" ("SIFRARADNIKA") ENABLE;
 
  ALTER TABLE "FPIS"."POTVRDAREZERVACIJE" ADD CONSTRAINT "POTVRDA_FK2" FOREIGN KEY ("IDKORISNIKA")
	  REFERENCES "FPIS"."KORISNIK" ("IDKORISNIKA") ENABLE;
--------------------------------------------------------
--  Ref Constraints for Table PROGRAMPUTOVANJA
--------------------------------------------------------

  ALTER TABLE "FPIS"."PROGRAMPUTOVANJA" ADD CONSTRAINT "PROGRAM_FK1" FOREIGN KEY ("IDPOTVRDE")
	  REFERENCES "FPIS"."POTVRDAREZERVACIJE" ("IDPOTVRDE") ENABLE;
 
  ALTER TABLE "FPIS"."PROGRAMPUTOVANJA" ADD CONSTRAINT "PROGRAM_FK2" FOREIGN KEY ("REDNIBROJPROGRAMA")
	  REFERENCES "FPIS"."PROGRAMIPUTOVANJA" ("REDNIBROJPROGRAMA") ENABLE;
--------------------------------------------------------
--  Ref Constraints for Table STAVKAPROGRAMA
--------------------------------------------------------

  ALTER TABLE "FPIS"."STAVKAPROGRAMA" ADD CONSTRAINT "STAVKA_FK1" FOREIGN KEY ("SIFRAPROGRAMA")
	  REFERENCES "FPIS"."PROGRAMPUTOVANJA" ("SIFRAPROGRAMA") ENABLE;
 
  ALTER TABLE "FPIS"."STAVKAPROGRAMA" ADD CONSTRAINT "STAVKA_FK2" FOREIGN KEY ("IDMESTA")
	  REFERENCES "FPIS"."MESTOOBILASKA" ("IDMESTA") ENABLE;
--------------------------------------------------------
--  Ref Constraints for Table ZAHTEVKORISNIKA
--------------------------------------------------------

  ALTER TABLE "FPIS"."ZAHTEVKORISNIKA" ADD CONSTRAINT "ZAHTEV_FK1" FOREIGN KEY ("IDTIPAPREVOZA")
	  REFERENCES "FPIS"."TIPPREVOZA" ("IDTIPAPREVOZA") ENABLE;
 
  ALTER TABLE "FPIS"."ZAHTEVKORISNIKA" ADD CONSTRAINT "ZAHTEV_FK2" FOREIGN KEY ("IDTIPASMESTAJA")
	  REFERENCES "FPIS"."TIPSMESTAJA" ("IDTIPASMESTAJA") ENABLE;
 
  ALTER TABLE "FPIS"."ZAHTEVKORISNIKA" ADD CONSTRAINT "ZAHTEV_FK3" FOREIGN KEY ("IDDESTINACIJE")
	  REFERENCES "FPIS"."DESTINACIJA" ("IDDESTINACIJE") ENABLE;
 
  ALTER TABLE "FPIS"."ZAHTEVKORISNIKA" ADD CONSTRAINT "ZAHTEV_FK4" FOREIGN KEY ("IDKORISNIKA")
	  REFERENCES "FPIS"."KORISNIK" ("IDKORISNIKA") ENABLE;
